{"2022-08-26":{"0":{"user":"admin","action":"log_in","type":"","item":"IP   : 192.168.43.222","time":"09:52:51"},"1":{"user":"Leonel","action":"log_in","type":"","item":"IP   : 192.168.43.250","time":"09:55:27"},"2":{"user":"Leonel","action":"log_in","type":"","item":"IP   : 192.168.43.250","time":"09:55:59"},"3":{"user":"Leonel","action":"ADD","type":"file","item":".\/uploads\/relatorio-PROGRESSO-1-de-mucheve-TL-REVISTO-PO-ENG-TIAGO.docx","time":"09:56:34"},"4":{"user":"Leonel","action":"DOWNLOAD","type":"file","item":".\/uploads\/relatorio-PROGRESSO-1-de-mucheve-TL-REVISTO-PO-ENG-TIAGO.docx","time":"09:56:43"}}}