{"2022-03-12":{"0":{"user":"admin","action":"log_in","type":"","item":"IP   : 192.168.43.222","time":"00:01:11"},"1":{"user":"admin","action":"log_in","type":"","item":"IP   : 192.168.43.222","time":"00:02:04"},"2":{"user":"admin","action":"log_in","type":"","item":"IP   : 192.168.43.222","time":"00:21:32"},"3":{"user":"admin","action":"log_in","type":"","item":"IP   : 192.168.43.222","time":"00:22:18"},"4":{"user":"admin","action":"log_in","type":"","item":"IP   : 192.168.43.222","time":"00:22:54"},"5":{"user":"admin","action":"log_in","type":"","item":"IP   : 192.168.43.222","time":"00:23:37"},"6":{"user":"admin","action":"log_in","type":"","item":"IP   : 127.0.0.1","time":"02:27:13"}}}