{"2022-08-23":{"0":{"user":"admin","action":"log_in","type":"","item":"IP   : 192.168.43.222","time":"18:55:12"},"1":{"user":"Pascoal","action":"log_in","type":"","item":"IP   : 192.168.43.164","time":"18:57:46"},"2":{"user":"Pascoal","action":"ADD","type":"file","item":".\/uploads\/uTorrent.exe","time":"19:00:57"},"3":{"user":"admin","action":"REMOVE","type":"file","item":".\/uploads\/uTorrent.exe","time":"19:01:25"},"4":{"user":"admin","action":"PLAY","type":"file","item":".\/uploads\/Exame1\/Voz-(3).mp3","time":"19:02:59"},"5":{"user":"Pascoal","action":"ADD","type":"file","item":".\/uploads\/Lizha-James---Moral-(Musica)--A\u00fadio-2020-(MP3_70K)_1.mp3","time":"19:08:04"},"6":{"user":"Pascoal","action":"PLAY","type":"file","item":".\/uploads\/Lizha-James---Moral-(Musica)--A\u00fadio-2020-(MP3_70K)_1.mp3","time":"19:08:11"},"7":{"user":"admin","action":"PLAY","type":"file","item":".\/uploads\/Lizha-James---Moral-(Musica)--A\u00fadio-2020-(MP3_70K)_1.mp3","time":"19:08:18"},"8":{"user":"Pascoal","action":"DOWNLOAD","type":"file","item":".\/uploads\/Lizha-James---Moral-(Musica)--A\u00fadio-2020-(MP3_70K)_1.mp3","time":"19:08:35"},"9":{"user":"Pascoal","action":"log_in","type":"","item":"IP   : 192.168.43.54","time":"19:15:51"},"10":{"user":"Pascoal","action":"ADD","type":"file","item":".\/uploads\/Gratitude_overflowing_today\u2728.mp4","time":"19:16:50"},"11":{"user":"admin","action":"DOWNLOAD","type":"file","item":".\/uploads\/Gratitude_overflowing_today\u2728.mp4","time":"19:19:48"},"12":{"user":"admin","action":"DOWNLOAD","type":"file","item":".\/uploads\/Lizha-James---Moral-(Musica)--A\u00fadio-2020-(MP3_70K)_1.mp3","time":"19:19:48"}}}