{"2022-06-02":{"0":{"user":"admin","action":"log_in","type":"","item":"IP   : 192.168.43.222","time":"17:22:46"},"1":{"user":"admin","action":"log_in","type":"","item":"IP   : 192.168.43.21","time":"17:23:08"},"2":{"user":"admin","action":"ADD","type":"file","item":".\/uploads\/AUD-20220530-WA0010.mp3","time":"17:23:29"},"3":{"user":"admin","action":"log_in","type":"","item":"IP   : 192.168.43.54","time":"17:24:40"},"4":{"user":"admin","action":"log_in","type":"","item":"IP   : 192.168.43.225","time":"17:26:38"},"5":{"user":"admin","action":"ADD","type":"folder","item":".\/uploads\/Exame1","time":"17:26:44"},"6":{"user":"admin","action":"ADD","type":"file","item":".\/uploads\/Exame1\/3.JPG","time":"17:27:12"},"7":{"user":"admin","action":"ADD","type":"file","item":".\/uploads\/Exame1\/5.JPG","time":"17:27:18"},"8":{"user":"admin","action":"ADD","type":"file","item":".\/uploads\/Exame1\/7.JPG","time":"17:27:22"},"9":{"user":"admin","action":"ADD","type":"file","item":".\/uploads\/Exame1\/9.JPG","time":"17:27:26"},"10":{"user":"admin","action":"ADD","type":"file","item":".\/uploads\/Exame1\/11.JPG","time":"17:27:31"},"11":{"user":"admin","action":"ADD","type":"file","item":".\/uploads\/Exame1\/13.JPG","time":"17:27:37"},"12":{"user":"admin","action":"ADD","type":"file","item":".\/uploads\/Exame1\/15.JPG","time":"17:27:42"},"13":{"user":"admin","action":"ADD","type":"file","item":".\/uploads\/Exame1\/16.JPG","time":"17:27:49"},"14":{"user":"admin","action":"ADD","type":"file","item":".\/uploads\/Exame1\/decima.JPG","time":"17:27:53"},"15":{"user":"admin","action":"ADD","type":"file","item":".\/uploads\/Exame1\/doze.JPG","time":"17:27:59"},"16":{"user":"admin","action":"ADD","type":"file","item":".\/uploads\/Exame1\/oitava.JPG","time":"17:28:04"},"17":{"user":"admin","action":"ADD","type":"file","item":".\/uploads\/Exame1\/primeira.png","time":"17:28:05"},"18":{"user":"admin","action":"ADD","type":"file","item":".\/uploads\/Exame1\/quarta.JPG","time":"17:28:08"},"19":{"user":"admin","action":"ADD","type":"file","item":".\/uploads\/Exame1\/quatorze.JPG","time":"17:28:12"},"20":{"user":"admin","action":"ADD","type":"file","item":".\/uploads\/Exame1\/segunda.JPG","time":"17:28:17"},"21":{"user":"admin","action":"ADD","type":"file","item":".\/uploads\/Exame1\/sexta.JPG","time":"17:28:24"},"22":{"user":"admin","action":"ADD","type":"file","item":".\/uploads\/Exame1\/UCM---\u00e9-a-UCM.wma","time":"17:28:26"},"23":{"user":"admin","action":"ADD","type":"file","item":".\/uploads\/Exame1\/Voz-(3).mp3","time":"17:28:28"},"24":{"user":"admin","action":"DOWNLOAD","type":"folder","item":".\/uploads\/Exame1","time":"17:29:34"},"25":{"user":"admin","action":"DOWNLOAD","type":"folder","item":".\/uploads\/Exame1","time":"17:30:43"},"26":{"user":"admin","action":"log_in","type":"","item":"IP   : 192.168.43.21","time":"17:30:45"},"27":{"user":"admin","action":"DOWNLOAD","type":"folder","item":".\/uploads\/Exame1","time":"17:30:47"},"28":{"user":"admin","action":"DOWNLOAD","type":"folder","item":".\/uploads\/Exame1","time":"17:30:57"},"29":{"user":"admin","action":"DOWNLOAD","type":"folder","item":".\/uploads\/Exame1","time":"17:30:57"}}}